,country,year,emissions,continent,consumption,gdp
0,Algeria,1990,52.98,Africa,22,94698162641.0
1,Algeria,1991,57.15,Africa,23,94010295226.0
2,Algeria,1992,57.26,Africa,24,95050335236.0
3,Algeria,1993,59.2,Africa,24,93376966897.0
4,Algeria,1994,56.35,Africa,23,92364919716.0
5,Algeria,1995,56.83,Africa,24,95620926059.0
6,Algeria,1996,56.17,Africa,23,99271195322.0
7,Algeria,1997,58.08,Africa,24,101000000000.0
8,Algeria,1998,59.5,Africa,25,106000000000.0
9,Algeria,1999,63.26,Africa,26,110000000000.0
10,Algeria,2000,64.24,Africa,27,114000000000.0
11,Algeria,2001,65.75,Africa,27,116000000000.0
12,Algeria,2002,71.71,Africa,29,121000000000.0
13,Algeria,2003,74.91,Africa,30,130000000000.0
14,Algeria,2004,76.0,Africa,30,135000000000.0
15,Algeria,2005,80.36,Africa,31,143000000000.0
16,Algeria,2006,83.47,Africa,33,146000000000.0
17,Algeria,2007,87.46,Africa,36,151000000000.0
18,Algeria,2008,90.83,Africa,36,155000000000.0
19,Algeria,2009,96.78,Africa,40,159000000000.0
20,Algeria,2010,97.5,Africa,39,165000000000.0
21,Algeria,2011,104.74,Africa,41,171000000000.0
22,Algeria,2012,115.19,Africa,45,177000000000.0
23,Algeria,2013,118.19,Africa,47,182000000000.0
24,Algeria,2014,127.35,Africa,51,189000000000.0
25,Algeria,2015,135.39,Africa,54,196000000000.0
26,Algeria,2016,133.31,Africa,53,204000000000.0
27,Algeria,2017,132.29,Africa,53,208000000000.0
28,Argentina,1990,101.13,South America,46,203000000000.0
29,Argentina,1991,105.64,South America,47,223000000000.0
30,Argentina,1992,108.95,South America,50,245000000000.0
31,Argentina,1993,108.25,South America,50,260000000000.0
32,Argentina,1994,116.1,South America,53,275000000000.0
33,Argentina,1995,120.23,South America,54,277000000000.0
34,Argentina,1996,126.87,South America,56,292000000000.0
35,Argentina,1997,132.21,South America,58,314000000000.0
36,Argentina,1998,136.06,South America,60,326000000000.0
37,Argentina,1999,139.7,South America,61,313000000000.0
38,Argentina,2000,139.52,South America,62,310000000000.0
39,Argentina,2001,129.71,South America,59,295000000000.0
40,Argentina,2002,122.97,South America,57,266000000000.0
41,Argentina,2003,132.66,South America,61,290000000000.0
42,Argentina,2004,147.73,South America,67,313000000000.0
43,Argentina,2005,150.21,South America,67,340000000000.0
44,Argentina,2006,160.14,South America,73,367000000000.0
45,Argentina,2007,166.69,South America,74,396000000000.0
46,Argentina,2008,178.19,South America,78,411000000000.0
47,Argentina,2009,171.14,South America,76,387000000000.0
48,Argentina,2010,174.59,South America,79,425000000000.0
49,Argentina,2011,181.83,South America,81,450000000000.0
50,Argentina,2012,188.03,South America,81,444000000000.0
51,Argentina,2013,183.47,South America,83,453000000000.0
52,Argentina,2014,189.83,South America,84,443000000000.0
53,Argentina,2015,195.82,South America,86,453000000000.0
54,Argentina,2016,199.01,South America,86,442000000000.0
55,Argentina,2017,195.38,South America,86,454000000000.0
56,Australia,1990,270.44,Oceania,87,708000000000.0
57,Australia,1991,271.19,Oceania,86,711000000000.0
58,Australia,1992,275.58,Oceania,87,731000000000.0
59,Australia,1993,280.18,Oceania,91,765000000000.0
60,Australia,1994,281.7,Oceania,92,799000000000.0
61,Australia,1995,290.15,Oceania,94,827000000000.0
62,Australia,1996,306.98,Oceania,100,856000000000.0
63,Australia,1997,315.81,Oceania,101,891000000000.0
64,Australia,1998,331.3,Oceania,104,933000000000.0
65,Australia,1999,338.66,Oceania,106,967000000000.0
66,Australia,2000,344.49,Oceania,108,990000000000.0
67,Australia,2001,345.22,Oceania,106,1030000000000.0
68,Australia,2002,357.38,Oceania,109,1060000000000.0
69,Australia,2003,355.48,Oceania,110,1090000000000.0
70,Australia,2004,369.36,Oceania,112,1130000000000.0
71,Australia,2005,378.46,Oceania,113,1150000000000.0
72,Australia,2006,384.76,Oceania,118,1200000000000.0
73,Australia,2007,395.09,Oceania,122,1240000000000.0
74,Australia,2008,397.59,Oceania,127,1260000000000.0
75,Australia,2009,402.4,Oceania,127,1280000000000.0
76,Australia,2010,402.97,Oceania,128,1310000000000.0
77,Australia,2011,400.44,Oceania,128,1350000000000.0
78,Australia,2012,397.89,Oceania,127,1380000000000.0
79,Australia,2013,393.47,Oceania,127,1410000000000.0
80,Australia,2014,383.93,Oceania,125,1440000000000.0
81,Australia,2015,387.64,Oceania,125,1470000000000.0
82,Australia,2016,407.16,Oceania,128,1500000000000.0
83,Australia,2017,408.22,Oceania,129,1530000000000.0
84,Belgium,1990,105.89,Europe,48,339000000000.0
85,Belgium,1991,110.43,Europe,50,349000000000.0
86,Belgium,1992,109.48,Europe,51,356000000000.0
87,Belgium,1993,108.16,Europe,49,354000000000.0
88,Belgium,1994,113.65,Europe,52,366000000000.0
89,Belgium,1995,114.03,Europe,53,375000000000.0
90,Belgium,1996,119.73,Europe,56,379000000000.0
91,Belgium,1997,116.12,Europe,56,393000000000.0
92,Belgium,1998,118.66,Europe,57,400000000000.0
93,Belgium,1999,114.64,Europe,57,413000000000.0
94,Belgium,2000,116.31,Europe,58,427000000000.0
95,Belgium,2001,116.22,Europe,58,433000000000.0
96,Belgium,2002,111.06,Europe,56,439000000000.0
97,Belgium,2003,115.1,Europe,58,442000000000.0
98,Belgium,2004,114.72,Europe,58,457000000000.0
99,Belgium,2005,111.9,Europe,58,467000000000.0
100,Belgium,2006,110.86,Europe,58,477000000000.0
101,Belgium,2007,107.53,Europe,57,494000000000.0
102,Belgium,2008,108.77,Europe,58,499000000000.0
103,Belgium,2009,99.58,Europe,56,482000000000.0
104,Belgium,2010,109.11,Europe,60,496000000000.0
105,Belgium,2011,98.88,Europe,56,507000000000.0
106,Belgium,2012,97.97,Europe,54,508000000000.0
107,Belgium,2013,98.94,Europe,56,509000000000.0
108,Belgium,2014,92.4,Europe,53,517000000000.0
109,Belgium,2015,97.52,Europe,53,528000000000.0
110,Belgium,2016,94.98,Europe,57,533000000000.0
111,Belgium,2017,93.92,Europe,56,543000000000.0
112,Brazil,1990,191.84,South America,141,1250000000000.0
113,Brazil,1991,197.35,South America,143,1260000000000.0
114,Brazil,1992,202.32,South America,145,1250000000000.0
115,Brazil,1993,209.79,South America,148,1310000000000.0
116,Brazil,1994,217.54,South America,156,1390000000000.0
117,Brazil,1995,234.06,South America,161,1440000000000.0
118,Brazil,1996,252.44,South America,170,1460000000000.0
119,Brazil,1997,269.42,South America,179,1500000000000.0
120,Brazil,1998,277.85,South America,183,1490000000000.0
121,Brazil,1999,287.29,South America,187,1490000000000.0
122,Brazil,2000,298.13,South America,188,1560000000000.0
123,Brazil,2001,304.81,South America,191,1580000000000.0
124,Brazil,2002,302.54,South America,196,1630000000000.0
125,Brazil,2003,297.54,South America,199,1650000000000.0
126,Brazil,2004,313.74,South America,210,1750000000000.0
127,Brazil,2005,317.31,South America,216,1800000000000.0
128,Brazil,2006,321.31,South America,223,1850000000000.0
129,Brazil,2007,336.3,South America,236,1960000000000.0
130,Brazil,2008,354.15,South America,249,2040000000000.0
131,Brazil,2009,332.01,South America,241,2010000000000.0
132,Brazil,2010,375.85,South America,266,2160000000000.0
133,Brazil,2011,395.84,South America,271,2230000000000.0
134,Brazil,2012,428.39,South America,282,2260000000000.0
135,Brazil,2013,459.55,South America,294,2330000000000.0
136,Brazil,2014,484.82,South America,304,2310000000000.0
137,Brazil,2015,460.42,South America,299,2220000000000.0
138,Brazil,2016,426.77,South America,289,2140000000000.0
139,Brazil,2017,436.82,South America,291,2090000000000.0
140,Canada,1990,429.6,North America,211,1080000000000.0
141,Canada,1991,422.68,North America,210,1060000000000.0
142,Canada,1992,435.08,North America,215,1070000000000.0
143,Canada,1993,435.35,North America,223,1100000000000.0
144,Canada,1994,451.57,North America,231,1150000000000.0
145,Canada,1995,460.89,North America,234,1180000000000.0
146,Canada,1996,476.08,North America,238,1200000000000.0
147,Canada,1997,492.57,North America,241,1250000000000.0
148,Canada,1998,497.43,North America,240,1300000000000.0
149,Canada,1999,508.68,North America,246,1370000000000.0
150,Canada,2000,529.4,North America,254,1450000000000.0
151,Canada,2001,523.37,North America,250,1460000000000.0
152,Canada,2002,529.07,North America,251,1500000000000.0
153,Canada,2003,551.29,North America,264,1520000000000.0
154,Canada,2004,544.16,North America,270,1570000000000.0
155,Canada,2005,556.9,North America,272,1610000000000.0
156,Canada,2006,550.56,North America,277,1650000000000.0
157,Canada,2007,581.98,North America,278,1690000000000.0
158,Canada,2008,560.53,North America,273,1690000000000.0
159,Canada,2009,531.84,North America,263,1620000000000.0
160,Canada,2010,547.16,North America,266,1680000000000.0
161,Canada,2011,558.13,North America,271,1730000000000.0
162,Canada,2012,561.45,North America,268,1770000000000.0
163,Canada,2013,573.8,North America,271,1810000000000.0
164,Canada,2014,572.4,North America,279,1860000000000.0
165,Canada,2015,568.64,North America,271,1870000000000.0
166,Canada,2016,589.55,North America,278,1900000000000.0
167,Canada,2017,623.7,North America,287,1960000000000.0
168,Chile,1990,30.96,South America,14,91518129766.0
169,Chile,1991,29.47,South America,14,98284346617.0
170,Chile,1992,30.61,South America,15,107000000000.0
171,Chile,1993,32.4,South America,16,114000000000.0
172,Chile,1994,35.63,South America,17,119000000000.0
173,Chile,1995,38.8,South America,18,129000000000.0
174,Chile,1996,44.74,South America,20,138000000000.0
175,Chile,1997,51.95,South America,23,147000000000.0
176,Chile,1998,53.04,South America,24,151000000000.0
177,Chile,1999,56.68,South America,25,152000000000.0
178,Chile,2000,52.74,South America,25,159000000000.0
179,Chile,2001,50.52,South America,25,164000000000.0
180,Chile,2002,51.41,South America,26,166000000000.0
181,Chile,2003,52.75,South America,26,173000000000.0
182,Chile,2004,57.44,South America,28,183000000000.0
183,Chile,2005,58.28,South America,28,192000000000.0
184,Chile,2006,60.08,South America,30,203000000000.0
185,Chile,2007,65.69,South America,31,212000000000.0
186,Chile,2008,68.33,South America,30,219000000000.0
187,Chile,2009,65.76,South America,30,214000000000.0
188,Chile,2010,70.26,South America,31,225000000000.0
189,Chile,2011,76.29,South America,34,239000000000.0
190,Chile,2012,78.71,South America,37,251000000000.0
191,Chile,2013,82.9,South America,39,260000000000.0
192,Chile,2014,76.99,South America,35,264000000000.0
193,Chile,2015,81.95,South America,36,269000000000.0
194,Chile,2016,87.97,South America,38,271000000000.0
195,Chile,2017,85.21,South America,38,274000000000.0
196,China,1990,2249.24,Asia,871,886000000000.0
197,China,1991,2364.12,Asia,848,962000000000.0
198,China,1992,2454.35,Asia,877,1090000000000.0
199,China,1993,2632.91,Asia,929,1230000000000.0
200,China,1994,2752.92,Asia,973,1370000000000.0
201,China,1995,2951.93,Asia,1045,1510000000000.0
202,China,1996,2959.85,Asia,1074,1660000000000.0
203,China,1997,2969.77,Asia,1073,1800000000000.0
204,China,1998,3062.58,Asia,1078,1940000000000.0
205,China,1999,2978.94,Asia,1099,2090000000000.0
206,China,2000,3145.6,Asia,1130,2260000000000.0
207,China,2001,3280.28,Asia,1168,2440000000000.0
208,China,2002,3539.75,Asia,1246,2660000000000.0
209,China,2003,4115.9,Asia,1420,2930000000000.0
210,China,2004,4844.46,Asia,1615,3210000000000.0
211,China,2005,5451.57,Asia,1782,3580000000000.0
212,China,2006,6038.55,Asia,1950,4030000000000.0
213,China,2007,6552.13,Asia,2099,4610000000000.0
214,China,2008,6682.88,Asia,2155,5050000000000.0
215,China,2009,7149.85,Asia,2297,5520000000000.0
216,China,2010,7711.61,Asia,2537,6100000000000.0
217,China,2011,8432.95,Asia,2722,6680000000000.0
218,China,2012,8612.91,Asia,2820,7210000000000.0
219,China,2013,9026.22,Asia,2910,7770000000000.0
220,China,2014,9069.56,Asia,2955,8330000000000.0
221,China,2015,9095.1,Asia,2976,8910000000000.0
222,China,2016,9085.94,Asia,3017,9500000000000.0
223,China,2017,9297.23,Asia,3105,10200000000000.0
224,Colombia,1990,46.08,South America,24,163000000000.0
225,Colombia,1991,47.74,South America,24,166000000000.0
226,Colombia,1992,49.57,South America,25,171000000000.0
227,Colombia,1993,52.56,South America,26,179000000000.0
228,Colombia,1994,52.62,South America,27,188000000000.0
229,Colombia,1995,55.14,South America,28,200000000000.0
230,Colombia,1996,55.08,South America,28,203000000000.0
231,Colombia,1997,59.45,South America,27,209000000000.0
232,Colombia,1998,60.49,South America,29,210000000000.0
233,Colombia,1999,52.87,South America,26,200000000000.0
234,Colombia,2000,55.19,South America,26,205000000000.0
235,Colombia,2001,55.46,South America,26,208000000000.0
236,Colombia,2002,53.34,South America,25,213000000000.0
237,Colombia,2003,52.65,South America,26,222000000000.0
238,Colombia,2004,52.85,South America,26,234000000000.0
239,Colombia,2005,54.35,South America,27,245000000000.0
240,Colombia,2006,54.19,South America,28,261000000000.0
241,Colombia,2007,55.09,South America,28,278000000000.0
242,Colombia,2008,55.98,South America,30,287000000000.0
243,Colombia,2009,59.37,South America,31,289000000000.0
244,Colombia,2010,60.8,South America,31,300000000000.0
245,Colombia,2011,65.97,South America,31,317000000000.0
246,Colombia,2012,65.79,South America,32,328000000000.0
247,Colombia,2013,71.21,South America,34,342000000000.0
248,Colombia,2014,73.13,South America,34,356000000000.0
249,Colombia,2015,72.78,South America,34,367000000000.0
250,Colombia,2016,76.29,South America,36,375000000000.0
251,Colombia,2017,72.78,South America,37,382000000000.0
252,Czech Republic,1990,151.25,Europe,50,178000000000.0
253,Czech Republic,1991,139.65,Europe,45,156000000000.0
254,Czech Republic,1992,134.2,Europe,44,151000000000.0
255,Czech Republic,1993,132.72,Europe,43,153000000000.0
256,Czech Republic,1994,125.87,Europe,41,154000000000.0
257,Czech Republic,1995,124.86,Europe,42,161000000000.0
258,Czech Republic,1996,127.22,Europe,43,166000000000.0
259,Czech Republic,1997,128.94,Europe,43,162000000000.0
260,Czech Republic,1998,123.0,Europe,42,160000000000.0
261,Czech Republic,1999,112.72,Europe,39,161000000000.0
262,Czech Republic,2000,124.96,Europe,41,168000000000.0
263,Czech Republic,2001,124.64,Europe,42,172000000000.0
264,Czech Republic,2002,121.12,Europe,43,175000000000.0
265,Czech Republic,2003,124.35,Europe,45,179000000000.0
266,Czech Republic,2004,125.34,Europe,46,188000000000.0
267,Czech Republic,2005,123.0,Europe,45,200000000000.0
268,Czech Republic,2006,122.9,Europe,46,217000000000.0
269,Czech Republic,2007,124.79,Europe,46,229000000000.0
270,Czech Republic,2008,117.92,Europe,45,239000000000.0
271,Czech Republic,2009,110.11,Europe,43,222000000000.0
272,Czech Republic,2010,113.53,Europe,45,232000000000.0
273,Czech Republic,2011,110.01,Europe,44,240000000000.0
274,Czech Republic,2012,106.39,Europe,43,237000000000.0
275,Czech Republic,2013,102.78,Europe,43,235000000000.0
276,Czech Republic,2014,99.63,Europe,42,244000000000.0
277,Czech Republic,2015,101.71,Europe,42,256000000000.0
278,Czech Republic,2016,104.01,Europe,42,263000000000.0
279,Czech Republic,2017,104.83,Europe,44,277000000000.0
280,Egypt,1990,78.5,Africa,32,98929415911.0
281,Egypt,1991,77.18,Africa,32,104000000000.0
282,Egypt,1992,80.06,Africa,33,106000000000.0
283,Egypt,1993,81.83,Africa,34,109000000000.0
284,Egypt,1994,77.46,Africa,33,114000000000.0
285,Egypt,1995,82.14,Africa,35,119000000000.0
286,Egypt,1996,87.35,Africa,37,124000000000.0
287,Egypt,1997,93.38,Africa,39,131000000000.0
288,Egypt,1998,98.48,Africa,42,135000000000.0
289,Egypt,1999,103.61,Africa,43,142000000000.0
290,Egypt,2000,101.56,Africa,41,150000000000.0
291,Egypt,2001,111.56,Africa,46,155000000000.0
292,Egypt,2002,117.02,Africa,47,160000000000.0
293,Egypt,2003,120.46,Africa,49,166000000000.0
294,Egypt,2004,131.63,Africa,54,171000000000.0
295,Egypt,2005,148.93,Africa,62,179000000000.0
296,Egypt,2006,157.43,Africa,65,192000000000.0
297,Egypt,2007,169.5,Africa,70,204000000000.0
298,Egypt,2008,177.5,Africa,72,218000000000.0
299,Egypt,2009,181.87,Africa,74,228000000000.0
300,Egypt,2010,183.72,Africa,73,239000000000.0
301,Egypt,2011,190.07,Africa,76,243000000000.0
302,Egypt,2012,196.44,Africa,79,247000000000.0
303,Egypt,2013,196.22,Africa,77,253000000000.0
304,Egypt,2014,199.32,Africa,80,261000000000.0
305,Egypt,2015,204.81,Africa,79,270000000000.0
306,Egypt,2016,212.79,Africa,83,276000000000.0
307,Egypt,2017,217.88,Africa,86,286000000000.0
308,France,1990,357.02,Europe,225,1940000000000.0
309,France,1991,383.18,Europe,238,1960000000000.0
310,France,1992,372.34,Europe,234,1990000000000.0
311,France,1993,354.24,Europe,238,1980000000000.0
312,France,1994,346.94,Europe,231,2020000000000.0
313,France,1995,357.71,Europe,240,2060000000000.0
314,France,1996,371.79,Europe,251,2090000000000.0
315,France,1997,363.74,Europe,244,2130000000000.0
316,France,1998,389.59,Europe,252,2210000000000.0
317,France,1999,381.84,Europe,252,2280000000000.0
318,France,2000,383.51,Europe,255,2370000000000.0
319,France,2001,393.97,Europe,260,2410000000000.0
320,France,2002,383.46,Europe,261,2430000000000.0
321,France,2003,387.93,Europe,266,2450000000000.0
322,France,2004,387.24,Europe,270,2520000000000.0
323,France,2005,384.86,Europe,271,2560000000000.0
324,France,2006,373.62,Europe,266,2620000000000.0
325,France,2007,366.75,Europe,263,2690000000000.0
326,France,2008,364.09,Europe,265,2690000000000.0
327,France,2009,344.54,Europe,253,2610000000000.0
328,France,2010,355.09,Europe,261,2650000000000.0
329,France,2011,330.3,Europe,252,2720000000000.0
330,France,2012,333.39,Europe,252,2730000000000.0
331,France,2013,336.67,Europe,253,2740000000000.0
332,France,2014,304.4,Europe,243,2780000000000.0
333,France,2015,312.29,Europe,246,2800000000000.0
334,France,2016,318.27,Europe,242,2830000000000.0
335,France,2017,325.33,Europe,243,2890000000000.0
336,Germany,1990,955.79,Europe,355,2890000000000.0
337,Germany,1991,938.81,Europe,344,3030000000000.0
338,Germany,1992,899.6,Europe,338,3060000000000.0
339,Germany,1993,889.54,Europe,335,3000000000000.0
340,Germany,1994,874.38,Europe,333,3060000000000.0
341,Germany,1995,872.3,Europe,336,3120000000000.0
342,Germany,1996,902.06,Europe,348,3130000000000.0
343,Germany,1997,871.38,Europe,346,3200000000000.0
344,Germany,1998,863.66,Europe,343,3250000000000.0
345,Germany,1999,832.25,Europe,335,3310000000000.0
346,Germany,2000,832.71,Europe,337,3430000000000.0
347,Germany,2001,851.87,Europe,347,3490000000000.0
348,Germany,2002,839.72,Europe,339,3480000000000.0
349,Germany,2003,833.85,Europe,337,3450000000000.0
350,Germany,2004,818.36,Europe,339,3520000000000.0
351,Germany,2005,802.13,Europe,337,3550000000000.0
352,Germany,2006,813.29,Europe,346,3700000000000.0
353,Germany,2007,783.54,Europe,328,3840000000000.0
354,Germany,2008,792.34,Europe,331,3860000000000.0
355,Germany,2009,736.42,Europe,310,3530000000000.0
356,Germany,2010,779.5,Europe,326,3760000000000.0
357,Germany,2011,750.3,Europe,310,3920000000000.0
358,Germany,2012,766.46,Europe,311,3930000000000.0
359,Germany,2013,787.32,Europe,318,3940000000000.0
360,Germany,2014,748.56,Europe,306,4050000000000.0
361,Germany,2015,753.54,Europe,308,4120000000000.0
362,Germany,2016,763.59,Europe,311,4230000000000.0
363,Germany,2017,781.58,Europe,314,4330000000000.0
364,India,1990,523.7,Asia,306,555000000000.0
365,India,1991,563.34,Asia,318,559000000000.0
366,India,1992,594.8,Asia,330,587000000000.0
367,India,1993,626.23,Asia,338,623000000000.0
368,India,1994,666.91,Asia,351,670000000000.0
369,India,1995,726.91,Asia,371,721000000000.0
370,India,1996,761.94,Asia,383,777000000000.0
371,India,1997,795.44,Asia,398,811000000000.0
372,India,1998,810.6,Asia,407,859000000000.0
373,India,1999,876.19,Asia,431,907000000000.0
374,India,2000,913.92,Asia,441,940000000000.0
375,India,2001,927.26,Asia,447,993000000000.0
376,India,2002,957.5,Asia,461,1020000000000.0
377,India,2003,981.56,Asia,472,1100000000000.0
378,India,2004,1038.19,Asia,497,1190000000000.0
379,India,2005,1087.28,Asia,516,1290000000000.0
380,India,2006,1158.06,Asia,543,1410000000000.0
381,India,2007,1255.39,Asia,574,1510000000000.0
382,India,2008,1335.63,Asia,602,1580000000000.0
383,India,2009,1504.46,Asia,663,1700000000000.0
384,India,2010,1588.76,Asia,693,1830000000000.0
385,India,2011,1669.95,Asia,723,1920000000000.0
386,India,2012,1786.24,Asia,758,2030000000000.0
387,India,2013,1839.89,Asia,776,2150000000000.0
388,India,2014,2002.94,Asia,826,2300000000000.0
389,India,2015,2052.26,Asia,851,2500000000000.0
390,India,2016,2151.4,Asia,894,2690000000000.0
391,India,2017,2234.27,Asia,934,2860000000000.0
392,Indonesia,1990,147.51,Asia,99,356000000000.0
393,Indonesia,1991,160.28,Asia,103,390000000000.0
394,Indonesia,1992,168.23,Asia,108,419000000000.0
395,Indonesia,1993,182.98,Asia,119,451000000000.0
396,Indonesia,1994,194.0,Asia,119,489000000000.0
397,Indonesia,1995,216.39,Asia,131,531000000000.0
398,Indonesia,1996,234.04,Asia,136,576000000000.0
399,Indonesia,1997,253.77,Asia,140,603000000000.0
400,Indonesia,1998,256.25,Asia,137,525000000000.0
401,Indonesia,1999,277.49,Asia,144,531000000000.0
402,Indonesia,2000,272.59,Asia,156,558000000000.0
403,Indonesia,2001,290.66,Asia,159,577000000000.0
404,Indonesia,2002,296.9,Asia,165,603000000000.0
405,Indonesia,2003,325.33,Asia,165,634000000000.0
406,Indonesia,2004,331.9,Asia,176,665000000000.0
407,Indonesia,2005,336.47,Asia,179,700000000000.0
408,Indonesia,2006,354.93,Asia,183,735000000000.0
409,Indonesia,2007,370.34,Asia,182,778000000000.0
410,Indonesia,2008,364.91,Asia,186,821000000000.0
411,Indonesia,2009,381.75,Asia,201,854000000000.0
412,Indonesia,2010,395.12,Asia,211,902000000000.0
413,Indonesia,2011,395.62,Asia,203,963000000000.0
414,Indonesia,2012,409.79,Asia,211,1020000000000.0
415,Indonesia,2013,409.7,Asia,216,1070000000000.0
416,Indonesia,2014,446.21,Asia,225,1120000000000.0
417,Indonesia,2015,453.51,Asia,226,1170000000000.0
418,Indonesia,2016,464.31,Asia,231,1220000000000.0
419,Indonesia,2017,484.69,Asia,240,1280000000000.0
420,Iran,1990,181.22,Asia,69,260000000000.0
421,Iran,1991,200.79,Asia,77,293000000000.0
422,Iran,1992,218.15,Asia,81,301000000000.0
423,Iran,1993,219.61,Asia,87,307000000000.0
424,Iran,1994,248.77,Asia,97,306000000000.0
425,Iran,1995,254.71,Asia,101,311000000000.0
426,Iran,1996,262.13,Asia,98,319000000000.0
427,Iran,1997,276.52,Asia,109,323000000000.0
428,Iran,1998,280.06,Asia,111,328000000000.0
429,Iran,1999,305.89,Asia,126,334000000000.0
430,Iran,2000,320.03,Asia,123,353000000000.0
431,Iran,2001,335.42,Asia,133,359000000000.0
432,Iran,2002,350.67,Asia,138,389000000000.0
433,Iran,2003,365.5,Asia,143,421000000000.0
434,Iran,2004,394.85,Asia,156,439000000000.0
435,Iran,2005,426.98,Asia,173,466000000000.0
436,Iran,2006,460.27,Asia,180,494000000000.0
437,Iran,2007,492.59,Asia,191,526000000000.0
438,Iran,2008,501.87,Asia,205,523000000000.0
439,Iran,2009,520.52,Asia,204,530000000000.0
440,Iran,2010,515.78,Asia,204,563000000000.0
441,Iran,2011,531.25,Asia,208,582000000000.0
442,Iran,2012,535.57,Asia,217,546000000000.0
443,Iran,2013,560.12,Asia,221,543000000000.0
444,Iran,2014,586.93,Asia,237,562000000000.0
445,Iran,2015,575.98,Asia,237,552000000000.0
446,Iran,2016,575.51,Asia,239,611000000000.0
447,Iran,2017,605.83,Asia,253,635000000000.0
448,Italy,1990,398.35,Europe,151,1880000000000.0
449,Italy,1991,399.08,Europe,155,1910000000000.0
450,Italy,1992,398.44,Europe,154,1920000000000.0
451,Italy,1993,393.11,Europe,153,1900000000000.0
452,Italy,1994,388.52,Europe,151,1950000000000.0
453,Italy,1995,411.15,Europe,160,2010000000000.0
454,Italy,1996,408.86,Europe,159,2020000000000.0
455,Italy,1997,412.67,Europe,162,2050000000000.0
456,Italy,1998,422.99,Europe,166,2080000000000.0
457,Italy,1999,428.01,Europe,169,2100000000000.0
458,Italy,2000,431.12,Europe,172,2180000000000.0
459,Italy,2001,429.59,Europe,172,2210000000000.0
460,Italy,2002,438.1,Europe,173,2220000000000.0
461,Italy,2003,453.2,Europe,182,2210000000000.0
462,Italy,2004,460.19,Europe,183,2250000000000.0
463,Italy,2005,462.39,Europe,186,2260000000000.0
464,Italy,2006,459.11,Europe,184,2320000000000.0
465,Italy,2007,451.24,Europe,184,2360000000000.0
466,Italy,2008,440.22,Europe,182,2330000000000.0
467,Italy,2009,393.52,Europe,170,2160000000000.0
468,Italy,2010,402.14,Europe,174,2210000000000.0
469,Italy,2011,393.63,Europe,168,2230000000000.0
470,Italy,2012,375.01,Europe,162,2170000000000.0
471,Italy,2013,343.73,Europe,156,2140000000000.0
472,Italy,2014,327.53,Europe,147,2150000000000.0
473,Italy,2015,335.41,Europe,153,2170000000000.0
474,Italy,2016,328.16,Europe,153,2200000000000.0
475,Italy,2017,326.05,Europe,153,2240000000000.0
476,Japan,1990,1030.06,Asia,438,5670000000000.0
477,Japan,1991,1038.43,Asia,443,5910000000000.0
478,Japan,1992,1053.29,Asia,453,5960000000000.0
479,Japan,1993,1046.06,Asia,456,5960000000000.0
480,Japan,1994,1103.02,Asia,481,6000000000000.0
481,Japan,1995,1115.62,Asia,494,6150000000000.0
482,Japan,1996,1126.82,Asia,504,6350000000000.0
483,Japan,1997,1122.68,Asia,509,6430000000000.0
484,Japan,1998,1094.55,Asia,500,6330000000000.0
485,Japan,1999,1130.41,Asia,508,6320000000000.0
486,Japan,2000,1138.81,Asia,518,6500000000000.0
487,Japan,2001,1126.9,Asia,509,6430000000000.0
488,Japan,2002,1168.56,Asia,509,6440000000000.0
489,Japan,2003,1172.69,Asia,505,6550000000000.0
490,Japan,2004,1164.28,Asia,521,6720000000000.0
491,Japan,2005,1165.77,Asia,519,6880000000000.0
492,Japan,2006,1140.78,Asia,518,7000000000000.0
493,Japan,2007,1186.21,Asia,514,7150000000000.0
494,Japan,2008,1108.15,Asia,494,7090000000000.0
495,Japan,2009,1052.9,Asia,471,6500000000000.0
496,Japan,2010,1097.97,Asia,499,6870000000000.0
497,Japan,2011,1153.38,Asia,462,6830000000000.0
498,Japan,2012,1192.57,Asia,451,6930000000000.0
499,Japan,2013,1209.15,Asia,455,7040000000000.0
500,Japan,2014,1159.45,Asia,439,7100000000000.0
501,Japan,2015,1121.68,Asia,430,7220000000000.0
502,Japan,2016,1106.79,Asia,424,7280000000000.0
503,Japan,2017,1117.71,Asia,429,7380000000000.0
504,Kazakhstan,1990,236.37,Asia,73,105000000000.0
505,Kazakhstan,1991,243.17,Asia,75,101000000000.0
506,Kazakhstan,1992,249.24,Asia,79,90368744035.0
507,Kazakhstan,1993,212.54,Asia,66,83844341437.0
508,Kazakhstan,1994,192.4,Asia,58,69386088340.0
509,Kazakhstan,1995,167.69,Asia,52,64404257550.0
510,Kazakhstan,1996,146.33,Asia,45,64169467378.0
511,Kazakhstan,1997,123.34,Asia,40,65081788610.0
512,Kazakhstan,1998,125.85,Asia,39,63806911885.0
513,Kazakhstan,1999,113.09,Asia,36,65582578510.0
514,Kazakhstan,2000,121.9,Asia,36,72573542019.0
515,Kazakhstan,2001,113.28,Asia,35,82801140093.0
516,Kazakhstan,2002,125.88,Asia,40,91067738452.0
517,Kazakhstan,2003,145.19,Asia,43,99604140353.0
518,Kazakhstan,2004,150.3,Asia,51,110000000000.0
519,Kazakhstan,2005,161.34,Asia,51,120000000000.0
520,Kazakhstan,2006,182.01,Asia,61,133000000000.0
521,Kazakhstan,2007,193.37,Asia,66,146000000000.0
522,Kazakhstan,2008,228.23,Asia,70,149000000000.0
523,Kazakhstan,2009,202.51,Asia,63,150000000000.0
524,Kazakhstan,2010,221.06,Asia,69,160000000000.0
525,Kazakhstan,2011,234.59,Asia,77,167000000000.0
526,Kazakhstan,2012,234.3,Asia,74,176000000000.0
527,Kazakhstan,2013,250.64,Asia,82,185000000000.0
528,Kazakhstan,2014,235.29,Asia,77,192000000000.0
529,Kazakhstan,2015,227.98,Asia,78,195000000000.0
530,Kazakhstan,2016,222.69,Asia,77,198000000000.0
531,Kazakhstan,2017,233.47,Asia,80,206000000000.0
532,Kuwait,1990,28.07,Asia,9,49388493487.0
533,Kuwait,1991,7.82,Asia,3,22670966890.0
534,Kuwait,1992,22.5,Asia,9,49384602788.0
535,Kuwait,1993,28.8,Asia,12,70690301075.0
536,Kuwait,1994,33.37,Asia,14,76394204574.0
537,Kuwait,1995,33.33,Asia,15,78591018947.0
538,Kuwait,1996,32.42,Asia,15,83935834860.0
539,Kuwait,1997,33.55,Asia,15,85037244138.0
540,Kuwait,1998,39.71,Asia,17,82220356350.0
541,Kuwait,1999,43.77,Asia,18,84158710858.0
542,Kuwait,2000,47.08,Asia,19,92233150324.0
543,Kuwait,2001,51.05,Asia,20,91486751877.0
544,Kuwait,2002,53.1,Asia,21,91617043130.0
545,Kuwait,2003,54.85,Asia,22,107000000000.0
546,Kuwait,2004,57.82,Asia,23,118000000000.0
547,Kuwait,2005,66.21,Asia,26,131000000000.0
548,Kuwait,2006,68.0,Asia,26,140000000000.0
549,Kuwait,2007,68.27,Asia,26,144000000000.0
550,Kuwait,2008,72.83,Asia,29,148000000000.0
551,Kuwait,2009,79.94,Asia,31,133000000000.0
552,Kuwait,2010,78.85,Asia,32,138000000000.0
553,Kuwait,2011,80.11,Asia,31,152000000000.0
554,Kuwait,2012,79.78,Asia,34,164000000000.0
555,Kuwait,2013,85.16,Asia,34,165000000000.0
556,Kuwait,2014,80.63,Asia,32,165000000000.0
557,Kuwait,2015,87.0,Asia,35,164000000000.0
558,Kuwait,2016,90.57,Asia,36,170000000000.0
559,Kuwait,2017,89.46,Asia,35,165000000000.0
560,Malaysia,1990,50.23,Asia,22,103000000000.0
561,Malaysia,1991,60.7,Asia,27,113000000000.0
562,Malaysia,1992,63.79,Asia,30,122000000000.0
563,Malaysia,1993,70.16,Asia,32,131000000000.0
564,Malaysia,1994,75.32,Asia,32,143000000000.0
565,Malaysia,1995,82.45,Asia,35,158000000000.0
566,Malaysia,1996,92.91,Asia,39,176000000000.0
567,Malaysia,1997,100.14,Asia,45,189000000000.0
568,Malaysia,1998,100.25,Asia,42,177000000000.0
569,Malaysia,1999,108.58,Asia,43,189000000000.0
570,Malaysia,2000,117.96,Asia,49,207000000000.0
571,Malaysia,2001,123.56,Asia,51,206000000000.0
572,Malaysia,2002,129.81,Asia,53,215000000000.0
573,Malaysia,2003,135.86,Asia,57,229000000000.0
574,Malaysia,2004,149.4,Asia,61,245000000000.0
575,Malaysia,2005,160.01,Asia,67,257000000000.0
576,Malaysia,2006,166.99,Asia,67,273000000000.0
577,Malaysia,2007,185.56,Asia,73,287000000000.0
578,Malaysia,2008,196.05,Asia,77,298000000000.0
579,Malaysia,2009,177.73,Asia,73,289000000000.0
580,Malaysia,2010,194.79,Asia,74,312000000000.0
581,Malaysia,2011,199.84,Asia,77,329000000000.0
582,Malaysia,2012,203.25,Asia,79,346000000000.0
583,Malaysia,2013,222.07,Asia,88,361000000000.0
584,Malaysia,2014,228.9,Asia,90,383000000000.0
585,Malaysia,2015,228.53,Asia,86,402000000000.0
586,Malaysia,2016,243.63,Asia,92,419000000000.0
587,Malaysia,2017,248.52,Asia,94,443000000000.0
588,Mexico,1990,262.61,North America,123,736000000000.0
589,Mexico,1991,281.93,North America,129,764000000000.0
590,Mexico,1992,284.76,North America,131,791000000000.0
591,Mexico,1993,290.33,North America,133,806000000000.0
592,Mexico,1994,314.91,North America,136,844000000000.0
593,Mexico,1995,297.12,North America,132,794000000000.0
594,Mexico,1996,309.9,North America,135,851000000000.0
595,Mexico,1997,326.73,North America,142,913000000000.0
596,Mexico,1998,349.0,North America,145,964000000000.0
597,Mexico,1999,341.16,North America,150,990000000000.0
598,Mexico,2000,363.79,North America,150,1040000000000.0
599,Mexico,2001,364.3,North America,155,1030000000000.0
600,Mexico,2002,370.41,North America,155,1030000000000.0
601,Mexico,2003,387.35,North America,165,1040000000000.0
602,Mexico,2004,396.34,North America,167,1080000000000.0
603,Mexico,2005,413.19,North America,178,1110000000000.0
604,Mexico,2006,426.41,North America,182,1150000000000.0
605,Mexico,2007,434.42,North America,181,1180000000000.0
606,Mexico,2008,436.71,North America,180,1190000000000.0
607,Mexico,2009,428.27,North America,180,1120000000000.0
608,Mexico,2010,443.48,North America,175,1180000000000.0
609,Mexico,2011,460.82,North America,184,1220000000000.0
610,Mexico,2012,462.07,North America,192,1270000000000.0
611,Mexico,2013,452.33,North America,192,1280000000000.0
612,Mexico,2014,436.58,North America,188,1320000000000.0
613,Mexico,2015,445.48,North America,187,1360000000000.0
614,Mexico,2016,453.26,North America,192,1400000000000.0
615,Mexico,2017,436.49,North America,186,1430000000000.0
616,Netherlands,1990,164.4,Europe,67,551000000000.0
617,Netherlands,1991,171.41,Europe,70,563000000000.0
618,Netherlands,1992,169.57,Europe,69,571000000000.0
619,Netherlands,1993,174.74,Europe,71,577000000000.0
620,Netherlands,1994,175.89,Europe,71,593000000000.0
621,Netherlands,1995,181.05,Europe,74,614000000000.0
622,Netherlands,1996,189.93,Europe,78,634000000000.0
623,Netherlands,1997,184.3,Europe,76,657000000000.0
624,Netherlands,1998,184.65,Europe,77,684000000000.0
625,Netherlands,1999,179.62,Europe,75,716000000000.0
626,Netherlands,2000,180.64,Europe,76,745000000000.0
627,Netherlands,2001,185.87,Europe,79,760000000000.0
628,Netherlands,2002,188.02,Europe,79,760000000000.0
629,Netherlands,2003,190.87,Europe,82,761000000000.0
630,Netherlands,2004,193.71,Europe,83,778000000000.0
631,Netherlands,2005,190.31,Europe,81,795000000000.0
632,Netherlands,2006,185.6,Europe,80,821000000000.0
633,Netherlands,2007,186.05,Europe,80,854000000000.0
634,Netherlands,2008,185.33,Europe,80,868000000000.0
635,Netherlands,2009,179.07,Europe,78,832000000000.0
636,Netherlands,2010,190.9,Europe,83,849000000000.0
637,Netherlands,2011,178.66,Europe,77,867000000000.0
638,Netherlands,2012,176.01,Europe,78,860000000000.0
639,Netherlands,2013,175.57,Europe,77,860000000000.0
640,Netherlands,2014,168.37,Europe,73,875000000000.0
641,Netherlands,2015,174.0,Europe,74,892000000000.0
642,Netherlands,2016,173.82,Europe,74,912000000000.0
643,Netherlands,2017,181.91,Europe,76,932000000000.0
644,New Zealand,1990,21.62,Oceania,14,93503899737.0
645,New Zealand,1991,22.17,Oceania,14,92101028804.0
646,New Zealand,1992,23.72,Oceania,14,92984947275.0
647,New Zealand,1993,23.44,Oceania,15,99127638585.0
648,New Zealand,1994,23.98,Oceania,15,104000000000.0
649,New Zealand,1995,24.52,Oceania,15,108000000000.0
650,New Zealand,1996,25.93,Oceania,16,112000000000.0
651,New Zealand,1997,28.28,Oceania,16,114000000000.0
652,New Zealand,1998,27.4,Oceania,16,114000000000.0
653,New Zealand,1999,29.01,Oceania,17,120000000000.0
654,New Zealand,2000,30.16,Oceania,17,123000000000.0
655,New Zealand,2001,32.01,Oceania,17,127000000000.0
656,New Zealand,2002,32.07,Oceania,17,133000000000.0
657,New Zealand,2003,32.61,Oceania,17,139000000000.0
658,New Zealand,2004,32.37,Oceania,18,143000000000.0
659,New Zealand,2005,33.02,Oceania,17,147000000000.0
660,New Zealand,2006,33.13,Oceania,17,150000000000.0
661,New Zealand,2007,31.99,Oceania,17,153000000000.0
662,New Zealand,2008,33.06,Oceania,18,150000000000.0
663,New Zealand,2009,30.33,Oceania,18,149000000000.0
664,New Zealand,2010,30.09,Oceania,19,151000000000.0
665,New Zealand,2011,29.43,Oceania,19,154000000000.0
666,New Zealand,2012,31.11,Oceania,19,157000000000.0
667,New Zealand,2013,31.08,Oceania,19,161000000000.0
668,New Zealand,2014,32.09,Oceania,21,166000000000.0
669,New Zealand,2015,32.07,Oceania,21,172000000000.0
670,New Zealand,2016,32.12,Oceania,21,178000000000.0
671,New Zealand,2017,33.77,Oceania,21,183000000000.0
672,Nigeria,1990,28.32,Africa,66,141000000000.0
673,Nigeria,1991,33.59,Africa,70,141000000000.0
674,Nigeria,1992,40.14,Africa,72,144000000000.0
675,Nigeria,1993,36.64,Africa,74,146000000000.0
676,Nigeria,1994,30.85,Africa,72,146000000000.0
677,Nigeria,1995,33.2,Africa,74,148000000000.0
678,Nigeria,1996,36.93,Africa,77,154000000000.0
679,Nigeria,1997,41.58,Africa,79,158000000000.0
680,Nigeria,1998,37.8,Africa,80,162000000000.0
681,Nigeria,1999,39.55,Africa,83,163000000000.0
682,Nigeria,2000,44.0,Africa,86,172000000000.0
683,Nigeria,2001,49.85,Africa,90,183000000000.0
684,Nigeria,2002,51.57,Africa,93,213000000000.0
685,Nigeria,2003,55.61,Africa,99,229000000000.0
686,Nigeria,2004,56.19,Africa,101,254000000000.0
687,Nigeria,2005,58.21,Africa,105,271000000000.0
688,Nigeria,2006,52.57,Africa,106,289000000000.0
689,Nigeria,2007,49.0,Africa,110,309000000000.0
690,Nigeria,2008,53.87,Africa,113,330000000000.0
691,Nigeria,2009,45.54,Africa,111,356000000000.0
692,Nigeria,2010,56.8,Africa,120,387000000000.0
693,Nigeria,2011,62.21,Africa,127,411000000000.0
694,Nigeria,2012,65.04,Africa,134,431000000000.0
695,Nigeria,2013,63.68,Africa,134,459000000000.0
696,Nigeria,2014,62.22,Africa,135,491000000000.0
697,Nigeria,2015,66.66,Africa,139,503000000000.0
698,Nigeria,2016,61.05,Africa,138,494000000000.0
699,Nigeria,2017,63.87,Africa,140,498000000000.0
700,Norway,1990,27.88,Europe,21,257000000000.0
701,Norway,1991,26.38,Europe,22,266000000000.0
702,Norway,1992,29.26,Europe,22,277000000000.0
703,Norway,1993,31.18,Europe,24,284000000000.0
704,Norway,1994,32.7,Europe,23,301000000000.0
705,Norway,1995,32.13,Europe,24,314000000000.0
706,Norway,1996,33.0,Europe,23,331000000000.0
707,Norway,1997,34.75,Europe,24,348000000000.0
708,Norway,1998,36.4,Europe,25,351000000000.0
709,Norway,1999,37.72,Europe,26,355000000000.0
710,Norway,2000,33.02,Europe,26,367000000000.0
711,Norway,2001,34.35,Europe,27,373000000000.0
712,Norway,2002,34.01,Europe,25,377000000000.0
713,Norway,2003,36.82,Europe,27,379000000000.0
714,Norway,2004,37.19,Europe,27,392000000000.0
715,Norway,2005,36.16,Europe,27,400000000000.0
716,Norway,2006,37.24,Europe,27,407000000000.0
717,Norway,2007,37.77,Europe,28,418000000000.0
718,Norway,2008,37.25,Europe,32,421000000000.0
719,Norway,2009,37.32,Europe,32,412000000000.0
720,Norway,2010,39.25,Europe,34,413000000000.0
721,Norway,2011,37.97,Europe,28,416000000000.0
722,Norway,2012,37.07,Europe,30,428000000000.0
723,Norway,2013,36.67,Europe,33,433000000000.0
724,Norway,2014,37.1,Europe,28,443000000000.0
725,Norway,2015,38.46,Europe,30,449000000000.0
726,Norway,2016,39.75,Europe,28,452000000000.0
727,Norway,2017,35.7,Europe,28,459000000000.0
728,Poland,1990,371.83,Europe,104,224000000000.0
729,Poland,1991,366.22,Europe,101,204000000000.0
730,Poland,1992,358.95,Europe,99,236000000000.0
731,Poland,1993,352.79,Europe,101,239000000000.0
732,Poland,1994,343.75,Europe,97,250000000000.0
733,Poland,1995,341.6,Europe,100,265000000000.0
734,Poland,1996,365.02,Europe,107,280000000000.0
735,Poland,1997,346.92,Europe,102,296000000000.0
736,Poland,1998,318.09,Europe,95,308000000000.0
737,Poland,1999,309.98,Europe,93,321000000000.0
738,Poland,2000,298.45,Europe,89,334000000000.0
739,Poland,2001,297.05,Europe,90,336000000000.0
740,Poland,2002,290.37,Europe,89,340000000000.0
741,Poland,2003,301.21,Europe,91,353000000000.0
742,Poland,2004,302.94,Europe,91,374000000000.0
743,Poland,2005,308.71,Europe,92,387000000000.0
744,Poland,2006,319.71,Europe,97,413000000000.0
745,Poland,2007,318.38,Europe,97,444000000000.0
746,Poland,2008,315.9,Europe,98,465000000000.0
747,Poland,2009,303.39,Europe,94,477000000000.0
748,Poland,2010,322.53,Europe,101,496000000000.0
749,Poland,2011,317.44,Europe,101,523000000000.0
750,Poland,2012,310.5,Europe,98,534000000000.0
751,Poland,2013,307.93,Europe,98,540000000000.0
752,Poland,2014,293.87,Europe,95,562000000000.0
753,Poland,2015,297.4,Europe,95,586000000000.0
754,Poland,2016,301.88,Europe,99,606000000000.0
755,Poland,2017,313.77,Europe,104,635000000000.0
756,Portugal,1990,39.65,Europe,17,170000000000.0
757,Portugal,1991,41.09,Europe,17,177000000000.0
758,Portugal,1992,45.04,Europe,19,180000000000.0
759,Portugal,1993,43.7,Europe,18,179000000000.0
760,Portugal,1994,44.32,Europe,19,177000000000.0
761,Portugal,1995,48.5,Europe,20,184000000000.0
762,Portugal,1996,46.54,Europe,20,191000000000.0
763,Portugal,1997,48.77,Europe,21,200000000000.0
764,Portugal,1998,53.53,Europe,23,208000000000.0
765,Portugal,1999,60.31,Europe,24,214000000000.0
766,Portugal,2000,59.8,Europe,25,222000000000.0
767,Portugal,2001,59.35,Europe,25,226000000000.0
768,Portugal,2002,63.25,Europe,26,228000000000.0
769,Portugal,2003,58.77,Europe,25,226000000000.0
770,Portugal,2004,60.07,Europe,26,229000000000.0
771,Portugal,2005,63.05,Europe,26,230000000000.0
772,Portugal,2006,57.76,Europe,25,233000000000.0
773,Portugal,2007,56.26,Europe,25,240000000000.0
774,Portugal,2008,54.33,Europe,25,240000000000.0
775,Portugal,2009,53.82,Europe,24,232000000000.0
776,Portugal,2010,48.48,Europe,23,237000000000.0
777,Portugal,2011,47.96,Europe,23,235000000000.0
778,Portugal,2012,46.53,Europe,21,227000000000.0
779,Portugal,2013,45.06,Europe,22,226000000000.0
780,Portugal,2014,44.18,Europe,21,228000000000.0
781,Portugal,2015,48.34,Europe,22,232000000000.0
782,Portugal,2016,46.23,Europe,22,236000000000.0
783,Portugal,2017,51.78,Europe,23,242000000000.0
784,South Korea,1990,244.08,Asia,94,406000000000.0
785,South Korea,1991,268.34,Asia,101,449000000000.0
786,South Korea,1992,290.42,Asia,111,476000000000.0
787,South Korea,1993,317.43,Asia,125,510000000000.0
788,South Korea,1994,342.7,Asia,133,557000000000.0
789,South Korea,1995,371.47,Asia,146,610000000000.0
790,South Korea,1996,394.32,Asia,158,655000000000.0
791,South Korea,1997,416.73,Asia,172,691000000000.0
792,South Korea,1998,359.36,Asia,158,654000000000.0
793,South Korea,1999,393.37,Asia,174,730000000000.0
794,South Korea,2000,434.88,Asia,190,800000000000.0
795,South Korea,2001,451.98,Asia,193,832000000000.0
796,South Korea,2002,455.35,Asia,201,897000000000.0
797,South Korea,2003,469.24,Asia,206,929000000000.0
798,South Korea,2004,479.42,Asia,212,982000000000.0
799,South Korea,2005,478.81,Asia,214,1030000000000.0
800,South Korea,2006,488.78,Asia,218,1080000000000.0
801,South Korea,2007,517.85,Asia,227,1150000000000.0
802,South Korea,2008,530.51,Asia,232,1190000000000.0
803,South Korea,2009,535.74,Asia,234,1200000000000.0
804,South Korea,2010,594.31,Asia,256,1290000000000.0
805,South Korea,2011,626.32,Asia,267,1350000000000.0
806,South Korea,2012,629.88,Asia,271,1380000000000.0
807,South Korea,2013,629.57,Asia,272,1430000000000.0
808,South Korea,2014,622.44,Asia,277,1470000000000.0
809,South Korea,2015,636.05,Asia,283,1510000000000.0
810,South Korea,2016,638.03,Asia,289,1550000000000.0
811,South Korea,2017,667.7,Asia,296,1600000000000.0
812,Romania,1990,163.6,Europe,62,135000000000.0
813,Romania,1991,136.37,Europe,51,123000000000.0
814,Romania,1992,126.54,Europe,47,116000000000.0
815,Romania,1993,118.5,Europe,46,118000000000.0
816,Romania,1994,113.54,Europe,43,123000000000.0
817,Romania,1995,117.03,Europe,47,130000000000.0
818,Romania,1996,121.41,Europe,48,136000000000.0
819,Romania,1997,112.45,Europe,45,128000000000.0
820,Romania,1998,97.96,Europe,41,121000000000.0
821,Romania,1999,83.39,Europe,36,122000000000.0
822,Romania,2000,87.35,Europe,36,127000000000.0
823,Romania,2001,92.41,Europe,37,133000000000.0
824,Romania,2002,95.33,Europe,38,141000000000.0
825,Romania,2003,96.3,Europe,40,148000000000.0
826,Romania,2004,94.55,Europe,39,159000000000.0
827,Romania,2005,91.82,Europe,39,165000000000.0
828,Romania,2006,95.41,Europe,40,176000000000.0
829,Romania,2007,93.23,Europe,40,186000000000.0
830,Romania,2008,91.67,Europe,40,201000000000.0
831,Romania,2009,78.32,Europe,35,190000000000.0
832,Romania,2010,74.86,Europe,35,187000000000.0
833,Romania,2011,81.35,Europe,36,191000000000.0
834,Romania,2012,79.14,Europe,35,192000000000.0
835,Romania,2013,69.38,Europe,32,200000000000.0
836,Romania,2014,68.95,Europe,32,208000000000.0
837,Romania,2015,69.58,Europe,32,215000000000.0
838,Romania,2016,69.79,Europe,32,226000000000.0
839,Romania,2017,74.8,Europe,33,242000000000.0
840,Russian Federation,1990,2192.47,Asia,882,1480000000000.0
841,Russian Federation,1991,2198.77,Asia,873,1420000000000.0
842,Russian Federation,1992,2045.77,Asia,800,1210000000000.0
843,Russian Federation,1993,1860.74,Asia,756,1100000000000.0
844,Russian Federation,1994,1634.5,Asia,660,942000000000.0
845,Russian Federation,1995,1594.19,Asia,639,906000000000.0
846,Russian Federation,1996,1574.75,Asia,634,887000000000.0
847,Russian Federation,1997,1482.32,Asia,606,900000000000.0
848,Russian Federation,1998,1463.76,Asia,592,861000000000.0
849,Russian Federation,1999,1504.81,Asia,609,915000000000.0
850,Russian Federation,2000,1524.26,Asia,619,994000000000.0
851,Russian Federation,2001,1530.72,Asia,626,1040000000000.0
852,Russian Federation,2002,1513.93,Asia,623,1080000000000.0
853,Russian Federation,2003,1554.6,Asia,645,1160000000000.0
854,Russian Federation,2004,1552.47,Asia,647,1240000000000.0
855,Russian Federation,2005,1550.24,Asia,651,1310000000000.0
856,Russian Federation,2006,1611.12,Asia,670,1400000000000.0
857,Russian Federation,2007,1590.97,Asia,672,1520000000000.0
858,Russian Federation,2008,1611.28,Asia,688,1580000000000.0
859,Russian Federation,2009,1511.99,Asia,646,1460000000000.0
860,Russian Federation,2010,1609.79,Asia,688,1530000000000.0
861,Russian Federation,2011,1682.86,Asia,721,1600000000000.0
862,Russian Federation,2012,1665.54,Asia,739,1660000000000.0
863,Russian Federation,2013,1610.37,Asia,719,1680000000000.0
864,Russian Federation,2014,1598.31,Asia,724,1700000000000.0
865,Russian Federation,2015,1607.65,Asia,709,1650000000000.0
866,Russian Federation,2016,1622.08,Asia,711,1650000000000.0
867,Russian Federation,2017,1696.89,Asia,744,1670000000000.0
868,Saudi Arabia,1990,155.69,Asia,58,316000000000.0
869,Saudi Arabia,1991,162.06,Asia,68,360000000000.0
870,Saudi Arabia,1992,176.78,Asia,77,373000000000.0
871,Saudi Arabia,1993,187.36,Asia,80,369000000000.0
872,Saudi Arabia,1994,199.49,Asia,84,372000000000.0
873,Saudi Arabia,1995,198.64,Asia,85,374000000000.0
874,Saudi Arabia,1996,211.52,Asia,90,386000000000.0
875,Saudi Arabia,1997,214.0,Asia,86,391000000000.0
876,Saudi Arabia,1998,228.9,Asia,92,402000000000.0
877,Saudi Arabia,1999,234.93,Asia,94,389000000000.0
878,Saudi Arabia,2000,244.16,Asia,98,411000000000.0
879,Saudi Arabia,2001,248.16,Asia,100,409000000000.0
880,Saudi Arabia,2002,265.66,Asia,111,399000000000.0
881,Saudi Arabia,2003,276.56,Asia,113,442000000000.0
882,Saudi Arabia,2004,293.96,Asia,120,479000000000.0
883,Saudi Arabia,2005,310.52,Asia,123,506000000000.0
884,Saudi Arabia,2006,329.34,Asia,136,522000000000.0
885,Saudi Arabia,2007,346.44,Asia,140,534000000000.0
886,Saudi Arabia,2008,378.29,Asia,157,568000000000.0
887,Saudi Arabia,2009,395.03,Asia,167,558000000000.0
888,Saudi Arabia,2010,435.09,Asia,185,588000000000.0
889,Saudi Arabia,2011,451.16,Asia,177,645000000000.0
890,Saudi Arabia,2012,481.7,Asia,199,679000000000.0
891,Saudi Arabia,2013,488.57,Asia,191,697000000000.0
892,Saudi Arabia,2014,524.27,Asia,213,727000000000.0
893,Saudi Arabia,2015,550.72,Asia,222,758000000000.0
894,Saudi Arabia,2016,573.34,Asia,221,772000000000.0
895,Saudi Arabia,2017,588.92,Asia,224,768000000000.0
896,South Africa,1990,253.94,Africa,92,240000000000.0
897,South Africa,1991,250.0,Africa,96,237000000000.0
898,South Africa,1992,246.78,Africa,89,233000000000.0
899,South Africa,1993,255.05,Africa,95,236000000000.0
900,South Africa,1994,260.13,Africa,98,242000000000.0
901,South Africa,1995,277.27,Africa,104,250000000000.0
902,South Africa,1996,287.74,Africa,106,258000000000.0
903,South Africa,1997,302.6,Africa,109,264000000000.0
904,South Africa,1998,310.15,Africa,108,265000000000.0
905,South Africa,1999,293.59,Africa,109,271000000000.0
906,South Africa,2000,300.26,Africa,109,284000000000.0
907,South Africa,2001,334.33,Africa,112,291000000000.0
908,South Africa,2002,345.37,Africa,110,301000000000.0
909,South Africa,2003,367.3,Africa,118,308000000000.0
910,South Africa,2004,389.87,Africa,128,322000000000.0
911,South Africa,2005,380.26,Africa,128,338000000000.0
912,South Africa,2006,379.6,Africa,127,357000000000.0
913,South Africa,2007,401.25,Africa,136,376000000000.0
914,South Africa,2008,435.18,Africa,148,388000000000.0
915,South Africa,2009,410.1,Africa,145,377000000000.0
916,South Africa,2010,415.95,Africa,142,390000000000.0
917,South Africa,2011,402.14,Africa,142,402000000000.0
918,South Africa,2012,420.48,Africa,139,411000000000.0
919,South Africa,2013,429.72,Africa,139,421000000000.0
920,South Africa,2014,442.9,Africa,146,428000000000.0
921,South Africa,2015,435.85,Africa,142,433000000000.0
922,South Africa,2016,446.44,Africa,143,436000000000.0
923,South Africa,2017,440.09,Africa,140,441000000000.0
924,Spain,1990,208.18,Europe,91,967000000000.0
925,Spain,1991,216.61,Europe,94,989000000000.0
926,Spain,1992,226.82,Europe,95,986000000000.0
927,Spain,1993,212.67,Europe,92,967000000000.0
928,Spain,1994,220.62,Europe,96,984000000000.0
929,Spain,1995,233.25,Europe,101,1010000000000.0
930,Spain,1996,222.98,Europe,99,1030000000000.0
931,Spain,1997,241.69,Europe,106,1070000000000.0
932,Spain,1998,250.57,Europe,111,1110000000000.0
933,Spain,1999,271.85,Europe,116,1160000000000.0
934,Spain,2000,287.49,Europe,122,1220000000000.0
935,Spain,2001,288.28,Europe,125,1270000000000.0
936,Spain,2002,305.94,Europe,129,1310000000000.0
937,Spain,2003,311.86,Europe,133,1340000000000.0
938,Spain,2004,326.81,Europe,140,1380000000000.0
939,Spain,2005,340.57,Europe,143,1420000000000.0
940,Spain,2006,332.29,Europe,142,1480000000000.0
941,Spain,2007,345.45,Europe,144,1540000000000.0
942,Spain,2008,315.55,Europe,139,1550000000000.0
943,Spain,2009,280.0,Europe,128,1480000000000.0
944,Spain,2010,266.57,Europe,128,1490000000000.0
945,Spain,2011,270.1,Europe,126,1480000000000.0
946,Spain,2012,265.49,Europe,126,1430000000000.0
947,Spain,2013,238.09,Europe,117,1410000000000.0
948,Spain,2014,235.9,Europe,115,1430000000000.0
949,Spain,2015,251.49,Europe,119,1470000000000.0
950,Spain,2016,245.66,Europe,120,1520000000000.0
951,Spain,2017,260.95,Europe,122,1570000000000.0
952,Sweden,1990,52.57,Europe,46,333000000000.0
953,Sweden,1991,52.75,Europe,48,329000000000.0
954,Sweden,1992,53.27,Europe,46,324000000000.0
955,Sweden,1993,52.54,Europe,46,316000000000.0
956,Sweden,1994,55.36,Europe,49,330000000000.0
957,Sweden,1995,55.13,Europe,49,346000000000.0
958,Sweden,1996,60.53,Europe,50,351000000000.0
959,Sweden,1997,55.11,Europe,49,363000000000.0
960,Sweden,1998,55.95,Europe,50,378000000000.0
961,Sweden,1999,54.49,Europe,49,395000000000.0
962,Sweden,2000,51.06,Europe,46,415000000000.0
963,Sweden,2001,51.97,Europe,49,420000000000.0
964,Sweden,2002,53.39,Europe,52,429000000000.0
965,Sweden,2003,54.71,Europe,51,439000000000.0
966,Sweden,2004,53.09,Europe,53,461000000000.0
967,Sweden,2005,50.62,Europe,52,474000000000.0
968,Sweden,2006,50.64,Europe,50,498000000000.0
969,Sweden,2007,48.11,Europe,50,515000000000.0
970,Sweden,2008,46.19,Europe,50,511000000000.0
971,Sweden,2009,43.25,Europe,45,471000000000.0
972,Sweden,2010,48.51,Europe,51,510000000000.0
973,Sweden,2011,44.04,Europe,50,526000000000.0
974,Sweden,2012,40.67,Europe,50,520000000000.0
975,Sweden,2013,39.06,Europe,49,525000000000.0
976,Sweden,2014,38.9,Europe,48,537000000000.0
977,Sweden,2015,38.45,Europe,45,553000000000.0
978,Sweden,2016,39.02,Europe,48,566000000000.0
979,Sweden,2017,38.27,Europe,49,579000000000.0
980,Thailand,1990,80.92,Asia,42,178000000000.0
981,Thailand,1991,90.07,Asia,46,194000000000.0
982,Thailand,1992,98.37,Asia,49,212000000000.0
983,Thailand,1993,111.15,Asia,51,230000000000.0
984,Thailand,1994,125.05,Asia,57,249000000000.0
985,Thailand,1995,141.06,Asia,62,270000000000.0
986,Thailand,1996,159.26,Asia,69,285000000000.0
987,Thailand,1997,163.24,Asia,71,278000000000.0
988,Thailand,1998,148.52,Asia,66,256000000000.0
989,Thailand,1999,154.68,Asia,71,270000000000.0
990,Thailand,2000,155.41,Asia,72,282000000000.0
991,Thailand,2001,163.67,Asia,74,290000000000.0
992,Thailand,2002,175.28,Asia,82,309000000000.0
993,Thailand,2003,184.62,Asia,89,334000000000.0
994,Thailand,2004,201.52,Asia,96,355000000000.0
995,Thailand,2005,207.75,Asia,99,370000000000.0
996,Thailand,2006,209.77,Asia,101,389000000000.0
997,Thailand,2007,217.57,Asia,105,411000000000.0
998,Thailand,2008,223.49,Asia,108,419000000000.0
999,Thailand,2009,218.17,Asia,108,413000000000.0
1000,Thailand,2010,235.41,Asia,118,447000000000.0
1001,Thailand,2011,235.02,Asia,118,445000000000.0
1002,Thailand,2012,252.06,Asia,126,477000000000.0
1003,Thailand,2013,263.89,Asia,136,489000000000.0
1004,Thailand,2014,259.59,Asia,135,493000000000.0
1005,Thailand,2015,263.31,Asia,135,507000000000.0
1006,Thailand,2016,269.31,Asia,136,522000000000.0
1007,Thailand,2017,270.43,Asia,138,542000000000.0
1008,Turkey,1990,132.48,Asia,52,397000000000.0
1009,Turkey,1991,134.94,Asia,52,401000000000.0
1010,Turkey,1992,139.34,Asia,54,421000000000.0
1011,Turkey,1993,143.22,Asia,57,446000000000.0
1012,Turkey,1994,143.14,Asia,56,431000000000.0
1013,Turkey,1995,156.97,Asia,62,459000000000.0
1014,Turkey,1996,171.73,Asia,67,485000000000.0
1015,Turkey,1997,180.98,Asia,70,517000000000.0
1016,Turkey,1998,184.03,Asia,72,534000000000.0
1017,Turkey,1999,183.13,Asia,70,517000000000.0
1018,Turkey,2000,205.7,Asia,76,550000000000.0
1019,Turkey,2001,185.68,Asia,70,516000000000.0
1020,Turkey,2002,193.02,Asia,74,547000000000.0
1021,Turkey,2003,203.76,Asia,78,575000000000.0
1022,Turkey,2004,210.27,Asia,81,630000000000.0
1023,Turkey,2005,217.84,Asia,84,682000000000.0
1024,Turkey,2006,242.37,Asia,93,732000000000.0
1025,Turkey,2007,266.77,Asia,100,768000000000.0
1026,Turkey,2008,267.29,Asia,99,775000000000.0
1027,Turkey,2009,260.81,Asia,98,739000000000.0
1028,Turkey,2010,272.04,Asia,107,795000000000.0
1029,Turkey,2011,291.76,Asia,113,895000000000.0
1030,Turkey,2012,307.89,Asia,118,937000000000.0
1031,Turkey,2013,292.16,Asia,117,1010000000000.0
1032,Turkey,2014,314.75,Asia,122,1070000000000.0
1033,Turkey,2015,325.58,Asia,129,1130000000000.0
1034,Turkey,2016,352.99,Asia,136,1170000000000.0
1035,Turkey,2017,402.55,Asia,152,1260000000000.0
1036,Ukraine,1990,659.32,Europe,243,246000000000.0
1037,Ukraine,1991,629.63,Europe,244,225000000000.0
1038,Ukraine,1992,540.18,Europe,212,182000000000.0
1039,Ukraine,1993,481.99,Europe,189,148000000000.0
1040,Ukraine,1994,399.72,Europe,161,118000000000.0
1041,Ukraine,1995,398.75,Europe,160,101000000000.0
1042,Ukraine,1996,336.77,Europe,147,88698178303.0
1043,Ukraine,1997,319.8,Europe,140,84646457745.0
1044,Ukraine,1998,301.8,Europe,132,82960354762.0
1045,Ukraine,1999,298.0,Europe,131,82754442003.0
1046,Ukraine,2000,290.76,Europe,129,91579331885.0
1047,Ukraine,2001,284.07,Europe,130,104000000000.0
1048,Ukraine,2002,284.01,Europe,131,110000000000.0
1049,Ukraine,2003,304.38,Europe,141,124000000000.0
1050,Ukraine,2004,292.14,Europe,140,140000000000.0
1051,Ukraine,2005,316.63,Europe,143,139000000000.0
1052,Ukraine,2006,310.66,Europe,137,148000000000.0
1053,Ukraine,2007,308.82,Europe,138,162000000000.0
1054,Ukraine,2008,305.14,Europe,135,163000000000.0
1055,Ukraine,2009,257.07,Europe,114,138000000000.0
1056,Ukraine,2010,276.93,Europe,132,138000000000.0
1057,Ukraine,2011,290.46,Europe,126,145000000000.0
1058,Ukraine,2012,285.03,Europe,122,145000000000.0
1059,Ukraine,2013,273.85,Europe,116,144000000000.0
1060,Ukraine,2014,232.11,Europe,106,134000000000.0
1061,Ukraine,2015,181.08,Europe,90,122000000000.0
1062,Ukraine,2016,190.83,Europe,92,125000000000.0
1063,Ukraine,2017,168.09,Europe,87,129000000000.0
1064,United Arab Emirates,1990,52.15,Asia,20,136000000000.0
1065,United Arab Emirates,1991,59.46,Asia,23,137000000000.0
1066,United Arab Emirates,1992,56.91,Asia,22,141000000000.0
1067,United Arab Emirates,1993,59.99,Asia,24,146000000000.0
1068,United Arab Emirates,1994,65.89,Asia,26,155000000000.0
1069,United Arab Emirates,1995,70.0,Asia,28,164000000000.0
1070,United Arab Emirates,1996,73.09,Asia,29,172000000000.0
1071,United Arab Emirates,1997,77.05,Asia,31,186000000000.0
1072,United Arab Emirates,1998,78.88,Asia,32,185000000000.0
1073,United Arab Emirates,1999,81.09,Asia,32,188000000000.0
1074,United Arab Emirates,2000,80.31,Asia,32,211000000000.0
1075,United Arab Emirates,2001,93.02,Asia,40,214000000000.0
1076,United Arab Emirates,2002,95.04,Asia,40,219000000000.0
1077,United Arab Emirates,2003,99.3,Asia,39,238000000000.0
1078,United Arab Emirates,2004,105.54,Asia,42,260000000000.0
1079,United Arab Emirates,2005,112.0,Asia,45,275000000000.0
1080,United Arab Emirates,2006,115.93,Asia,46,301000000000.0
1081,United Arab Emirates,2007,125.11,Asia,50,312000000000.0
1082,United Arab Emirates,2008,147.45,Asia,60,326000000000.0
1083,United Arab Emirates,2009,149.69,Asia,64,307000000000.0
1084,United Arab Emirates,2010,155.61,Asia,63,313000000000.0
1085,United Arab Emirates,2011,159.78,Asia,60,335000000000.0
1086,United Arab Emirates,2012,170.26,Asia,64,349000000000.0
1087,United Arab Emirates,2013,178.5,Asia,67,367000000000.0
1088,United Arab Emirates,2014,178.47,Asia,73,383000000000.0
1089,United Arab Emirates,2015,182.23,Asia,73,403000000000.0
1090,United Arab Emirates,2016,185.1,Asia,74,415000000000.0
1091,United Arab Emirates,2017,182.94,Asia,74,419000000000.0
1092,United Kingdom,1990,553.03,Europe,206,1670000000000.0
1093,United Kingdom,1991,563.25,Europe,213,1640000000000.0
1094,United Kingdom,1992,557.01,Europe,213,1660000000000.0
1095,United Kingdom,1993,540.5,Europe,215,1720000000000.0
1096,United Kingdom,1994,533.01,Europe,222,1800000000000.0
1097,United Kingdom,1995,523.07,Europe,217,1860000000000.0
1098,United Kingdom,1996,544.63,Europe,226,1900000000000.0
1099,United Kingdom,1997,522.35,Europe,219,1970000000000.0
1100,United Kingdom,1998,526.85,Europe,221,2020000000000.0
1101,United Kingdom,1999,524.81,Europe,222,2080000000000.0
1102,United Kingdom,2000,533.31,Europe,223,2140000000000.0
1103,United Kingdom,2001,543.22,Europe,224,2180000000000.0
1104,United Kingdom,2002,528.51,Europe,221,2220000000000.0
1105,United Kingdom,2003,542.95,Europe,224,2290000000000.0
1106,United Kingdom,2004,542.81,Europe,222,2330000000000.0
1107,United Kingdom,2005,541.06,Europe,223,2400000000000.0
1108,United Kingdom,2006,541.86,Europe,219,2460000000000.0
1109,United Kingdom,2007,530.73,Europe,211,2510000000000.0
1110,United Kingdom,2008,515.59,Europe,208,2500000000000.0
1111,United Kingdom,2009,466.47,Europe,196,2380000000000.0
1112,United Kingdom,2010,484.5,Europe,204,2430000000000.0
1113,United Kingdom,2011,446.54,Europe,189,2460000000000.0
1114,United Kingdom,2012,469.65,Europe,194,2490000000000.0
1115,United Kingdom,2013,455.12,Europe,191,2520000000000.0
1116,United Kingdom,2014,415.79,Europe,180,2600000000000.0
1117,United Kingdom,2015,398.22,Europe,181,2660000000000.0
1118,United Kingdom,2016,370.35,Europe,178,2710000000000.0
1119,United Kingdom,2017,358.13,Europe,176,2760000000000.0
1120,United States of America,1990,4852.03,North America,1910,10600000000000.0
1121,United States of America,1991,4804.1,North America,1925,10600000000000.0
1122,United States of America,1992,4883.45,North America,1964,10800000000000.0
1123,United States of America,1993,5006.82,North America,1998,11000000000000.0
1124,United States of America,1994,5079.43,North America,2036,11500000000000.0
1125,United States of America,1995,5132.11,North America,2063,11800000000000.0
1126,United States of America,1996,5301.06,North America,2108,12300000000000.0
1127,United States of America,1997,5449.77,North America,2130,12800000000000.0
1128,United States of America,1998,5480.66,North America,2156,13300000000000.0
1129,United States of America,1999,5539.42,North America,2206,13900000000000.0
1130,United States of America,2000,5722.24,North America,2269,14500000000000.0
1131,United States of America,2001,5657.11,North America,2226,14500000000000.0
1132,United States of America,2002,5642.79,North America,2256,14700000000000.0
1133,United States of America,2003,5713.77,North America,2261,15100000000000.0
1134,United States of America,2004,5794.74,North America,2308,15700000000000.0
1135,United States of America,2005,5809.85,North America,2319,16200000000000.0
1136,United States of America,2006,5696.88,North America,2297,16700000000000.0
1137,United States of America,2007,5802.1,North America,2338,17000000000000.0
1138,United States of America,2008,5589.68,North America,2278,16900000000000.0
1139,United States of America,2009,5194.76,North America,2165,16400000000000.0
1140,United States of America,2010,5426.29,North America,2216,16800000000000.0
1141,United States of America,2011,5285.4,North America,2191,17000000000000.0
1142,United States of America,2012,5125.18,North America,2162,17300000000000.0
1143,United States of America,2013,5191.4,North America,2185,17600000000000.0
1144,United States of America,2014,5257.63,North America,2223,18000000000000.0
1145,United States of America,2015,5098.9,North America,2194,18400000000000.0
1146,United States of America,2016,5071.41,North America,2195,18700000000000.0
1147,United States of America,2017,5072.86,North America,2201,19100000000000.0
1148,Uzbekistan,1990,116.39,Asia,46,31879028833.0
1149,Uzbekistan,1991,120.26,Asia,48,31529412118.0
1150,Uzbekistan,1992,112.14,Asia,45,28526830907.0
1151,Uzbekistan,1993,112.8,Asia,47,23952715510.0
1152,Uzbekistan,1994,110.16,Asia,47,21881753384.0
1153,Uzbekistan,1995,99.72,Asia,43,20832064994.0
1154,Uzbekistan,1996,101.0,Asia,44,21000150085.0
1155,Uzbekistan,1997,103.09,Asia,45,21715101336.0
1156,Uzbekistan,1998,116.35,Asia,50,22251730758.0
1157,Uzbekistan,1999,117.97,Asia,51,22987437200.0
1158,Uzbekistan,2000,117.04,Asia,51,23775057171.0
1159,Uzbekistan,2001,118.37,Asia,51,24746810874.0
1160,Uzbekistan,2002,123.11,Asia,53,25923152751.0
1161,Uzbekistan,2003,117.73,Asia,52,26882361483.0
1162,Uzbekistan,2004,114.46,Asia,51,28658289500.0
1163,Uzbekistan,2005,108.49,Asia,47,30233384711.0
1164,Uzbekistan,2006,110.57,Asia,48,32324809319.0
1165,Uzbekistan,2007,110.68,Asia,48,35132061903.0
1166,Uzbekistan,2008,112.27,Asia,50,37980623444.0
1167,Uzbekistan,2009,101.86,Asia,44,40554043055.0
1168,Uzbekistan,2010,99.56,Asia,43,43918325793.0
1169,Uzbekistan,2011,108.55,Asia,47,47141871297.0
1170,Uzbekistan,2012,110.47,Asia,48,50673990135.0
1171,Uzbekistan,2013,98.65,Asia,43,54626285478.0
1172,Uzbekistan,2014,100.27,Asia,44,58743903248.0
1173,Uzbekistan,2015,97.84,Asia,43,63194094090.0
1174,Uzbekistan,2016,95.09,Asia,41,66946462650.0
1175,Uzbekistan,2017,95.51,Asia,41,70059472773.0
1176,Venezuela,1990,93.57,South America,40,283000000000.0
1177,Venezuela,1991,93.07,South America,41,310000000000.0
1178,Venezuela,1992,95.04,South America,46,328000000000.0
1179,Venezuela,1993,100.6,South America,43,329000000000.0
1180,Venezuela,1994,100.93,South America,50,320000000000.0
1181,Venezuela,1995,106.85,South America,47,334000000000.0
1182,Venezuela,1996,114.88,South America,50,331000000000.0
1183,Venezuela,1997,119.5,South America,50,351000000000.0
1184,Venezuela,1998,120.22,South America,52,350000000000.0
1185,Venezuela,1999,108.99,South America,50,326000000000.0
1186,Venezuela,2000,116.91,South America,51,339000000000.0
1187,Venezuela,2001,124.08,South America,53,348000000000.0
1188,Venezuela,2002,123.39,South America,58,313000000000.0
1189,Venezuela,2003,123.02,South America,53,292000000000.0
1190,Venezuela,2004,128.05,South America,56,344000000000.0
1191,Venezuela,2005,137.87,South America,56,377000000000.0
1192,Venezuela,2006,133.8,South America,63,410000000000.0
1193,Venezuela,2007,130.04,South America,58,437000000000.0
1194,Venezuela,2008,159.68,South America,65,453000000000.0
1195,Venezuela,2009,160.76,South America,65,435000000000.0
1196,Venezuela,2010,171.76,South America,72,425000000000.0
1197,Venezuela,2011,151.59,South America,67,441000000000.0
1198,Venezuela,2012,169.06,South America,73,466000000000.0
1199,Venezuela,2013,156.27,South America,69,474000000000.0
1200,Venezuela,2014,155.11,South America,67,454000000000.0
1201,Venezuela,2015,137.12,South America,59,420000000000.0
1202,Venezuela,2016,125.78,South America,55,408000000000.0
1203,Venezuela,2017,123.62,South America,53,389000000000.0
